{"n_steps": 4550, "gamma": 0.8035321231155986, "learning_rate": 5.9205399425023845e-05, "clip_range": 0.16205814510005703, "gae_lambda": 0.8104371465351887}